Categoria,Cargo
OPERATIVOS,ANFITRION(A)
SUPERVISORES,SUPERVISOR OPERATIVO
BACK OFFICE,OPERADOR CCTV
SUPERVISORES,SUPERVISOR ADMINISTRATIVO
OPERATIVOS,VALET
BACK OFFICE,ANFITRION(A)
BACK OFFICE,JEFE DE EXCELENCIA OPERATIVA
OPERATIVOS,OPERADOR CCTV
BACK OFFICE,JEFE DE PRODUCTO APPARKA
BACK OFFICE,GERENTE DE TECNOLOGIA E INNOVACION
OPERATIVOS,ANFITRION(A) V
BACK OFFICE,GERENTE GENERAL
OPERATIVOS,ANFITRION(A) R
BACK OFFICE,SUB GERENTE DE SOLUCIONES TECNOLOGICAS Y PARKING
OPERATIVOS,OPERARIO DE LIMPIEZA
SUPERVISORES,SUPERVISOR OPERATIVO V
BACK OFFICE,SUB GERENTE DE GESTION DE PERSONAS Y SOSTENIBILIDAD
BACK OFFICE,SUPERVISOR CCTV
BACK OFFICE,SUPERVISOR TECNICO ELECTRONICO
SUPERVISORES,SUPERVISOR OPERATIVO ZONAL
SUPERVISORES,SUPERVISOR VALET PARKING
BACK OFFICE,JEFE DE ADMINISTRACION Y LOGISTICA
BACK OFFICE,ASISTENTE DE PRODUCTO APPARKA
BACK OFFICE,GERENTE DE ADMINISTRACION Y FINANZAS
BACK OFFICE,GESTOR DE RECAUDO
BACK OFFICE,GERENTE COMERCIAL Y DESARROLLO
BACK OFFICE,TECNICO ELECTRONICO LAP
BACK OFFICE,ADMINISTRADOR DE NEGOCIO
BACK OFFICE,TECNICO ELECTRONICO
OPERATIVOS,ANFITRION(A) PT
BACK OFFICE,JEFE DE AUDITORIA
SUPERVISORES,SUPERVISOR DE SERVICIOS COLATERALES
BACK OFFICE,SUPERVISOR DE VENTAS
OPERATIVOS,VALET PT
BACK OFFICE,EJECUTIVO DE CUENTAS
BACK OFFICE,JEFE DE SOLUCIONES TECNOLOGICAS
BACK OFFICE,OPERARIO DE LIMPIEZA
SUPERVISORES,SUPERVISOR OPERATIVO LAP
BACK OFFICE,TECNICO ELECTRONICO SENIOR
BACK OFFICE,JEFE DE NEGOCIO
BACK OFFICE,ASISTENTE DE GERENCIA
SUPERVISORES,SUPERVISOR CCTV
BACK OFFICE,ADMINISTRADOR JUNIOR
BACK OFFICE,SUB GERENTE DE ESTANDARIZACION Y EXCELENCIA OPERATIVA
BACK OFFICE,"JEFE DE COMUNICACION INTERNA,CLIMA Y CUL"
BACK OFFICE,SUB GERENTE DE CONTROL DE GESTION
OPERATIVOS,VALET V
BACK OFFICE,JEFE DE PROYECTOS
BACK OFFICE,ASISTENTE TECNICO DE PROYECTOS
BACK OFFICE,GESTOR COMERCIAL
BACK OFFICE,GERENTE DE NEGOCIOS
BACK OFFICE,COORDINADOR DE DESARROLLO TI
BACK OFFICE,JEFE DE PRODUCTO EVENTUALES Y LOCATARIOS
BACK OFFICE,ANALISTA CONTABLE
BACK OFFICE,COORDINADOR DE ENTRENAMIENTO
BACK OFFICE,SUPERVISOR DE INFRAESTRUCTURA
BACK OFFICE,SUBGERENTE LEGAL
BACK OFFICE,ANALISTA DE PROYECTOS
BACK OFFICE,COORDINADOR DE PLANILLAS Y ADP
OPERATIVOS,ANFITRION(A) C
BACK OFFICE,MEDICO OCUPACIONAL
BACK OFFICE,SUPERVISOR DE SOPORTE TECNICO
BACK OFFICE,COORDINADOR DE PROYECTOS
BACK OFFICE,JEFE DE CONTABILIDAD
BACK OFFICE,SUPERVISOR DE EXCELENCIA OPERATIVA
BACK OFFICE,GESTOR DE COBRANZAS
BACK OFFICE,ANALISTA DE AUDITORIA
BACK OFFICE,JEFE DE TESORERIA Y COBRANZAS
BACK OFFICE,AUXILIAR DE ATENCION AL CLIENTE
BACK OFFICE,JEFE DE CONTROL DE GESTION
BACK OFFICE,COORDINADOR DE EXCELENCIA OPERATIVA Y ATC
OPERATIVOS,SUPERVISOR OPERATIVO
BACK OFFICE,TRABAJADORA SOCIAL
BACK OFFICE,IMPULSADORA
BACK OFFICE,JEFE DE ATRACCION Y DESARROLLO
BACK OFFICE,ASISTENTE DE PROYECTOS
BACK OFFICE,ASISTENTE DE RECLUTAMIENTO Y SELECCION
BACK OFFICE,COORDINADOR DE SSOMA
OPERATIVOS,VALET R
BACK OFFICE,ANALISTA DE CONTROL DE GESTION
BACK OFFICE,COORDINADOR DE TECNOLOGIA
BACK OFFICE,COORDINADOR DE NEGOCIO – INTERCORP
BACK OFFICE,TECNICO DE MANTENIMIENTO
BACK OFFICE,ANALISTA DE CAPACITACION Y DESARROLLO
BACK OFFICE,JEFE DE ESTANDARIZACION
BACK OFFICE,JEFE DE PRODUCTO ABONADO
BACK OFFICE,COORDINADOR DE COBRANZAS
BACK OFFICE,ANALISTA DE RECAUDO Y LIQUIDACIÓN
BACK OFFICE,COORDINADOR DE PRODUCTO
BACK OFFICE,ANALISTA DE SELECCIÓN OPERATIVOS
BACK OFFICE,ABOGADO
BACK OFFICE,JEFE DE SERVICIOS ADMINISTRATIVOS
BACK OFFICE,ABOGADO SENIOR
BACK OFFICE,EJECUTIVO DE SOLUCIONES TECNOLOGICAS
BACK OFFICE,JEFE DE DESARROLLO
BACK OFFICE,ASISTENTE ADMINISTRATIVO
BACK OFFICE,AUXILIAR DE RECLUTAMIENTO Y SELECCION
BACK OFFICE,ASISTENTE DE FACTURACION
BACK OFFICE,COORDINADOR DE TESORERIA
BACK OFFICE,SUB GERENTE JUNIOR DE NEGOCIOS MEGA Y MICRO
BACK OFFICE,SUB GERENTE DE DESARROLLO Y PRODUCTOS
BACK OFFICE,ANALISTA DE PLANEAMIENTO FINANCIERO
SUPERVISORES,SUPERVISOR OPERATIVO VALET PARKING
BACK OFFICE,COORDINADOR DE MANTENIMIENTO
BACK OFFICE,GESTOR DE PROYECTOS TI
BACK OFFICE,TRABAJADORA SOCIAL JR
BACK OFFICE,ASISTENTE DE MANTENIMIENTO
BACK OFFICE,ANALISTA DE COMPRAS
BACK OFFICE,ASISTENTE DE ADMINISTRACION DE PERSONAL
BACK OFFICE,ANALISTA DE TESORERIA
BACK OFFICE,ANALISTA TECNICO DE PROYECTOS INORGANICOS
BACK OFFICE,ASISTENTE DE TECNOLOGIA
BACK OFFICE,ASISTENTE DE DESARROLLO
BACK OFFICE,ASISTENTE DE NEGOCIOS
BACK OFFICE,ASISTENTE COMERCIAL
BACK OFFICE,ANALISTA DE ADMINISTRACION DE PERSONAL
BACK OFFICE,ANALISTA DE NEGOCIO COMERCIAL Y VP
BACK OFFICE,ANALISTA DE PROYECTOS COMERCIALES
BACK OFFICE,ASISTENTE DE EXCELENCIA OPERATIVA
BACK OFFICE,ANALISTA DE PROYECTOS INORGANICOS
BACK OFFICE,SUPERVISOR DE SERVICIOS COLATERALES
BACK OFFICE,PROGRAMADOR  FRONT END
BACK OFFICE,TECNICO DE HELP DESK
BACK OFFICE,JEFE DE PRODUCTO SERVICIOS COLATERALES
BACK OFFICE,ASISTENTE DE CONTROL DE GESTION
BACK OFFICE,JEFE DE MARKETING
BACK OFFICE,ANALISTA DE RECLUTAMIENTO Y SELECCION
BACK OFFICE,DISEÑADOR
BACK OFFICE,ASISTENTE DE PLANILLAS Y ADM
BACK OFFICE,SUB GERENTE DE OPERACIONES
